[{"name":"theme_info","theme_name":"Debutify","theme_author":"Debutify","theme_version":"2.0.1","theme_documentation_url":"https:\/\/debutify.com","theme_support_email":"support@debutify.com"},{"name":"Colors","settings":[{"type":"header","content":"General"},{"type":"color","id":"color_body_bg","label":"Background","default":"#fff"},{"type":"color","id":"color_default","label":"Accent background","default":"#F7F7F7"},{"type":"color","id":"color_headings","label":"Headings","default":"#000"},{"type":"color","id":"color_body_text","label":"Body text","default":"#000"},{"type":"color","id":"color_primary","label":"Buttons","default":"#5600E3"},{"type":"color","id":"color_buy","label":"Buy buttons","default":"#5600E3"},{"type":"color","id":"color_button_text","label":"Buttons label","default":"#fff"},{"type":"color","id":"color_secondary","label":"Links and accents","default":"#5600E3"},{"type":"color","id":"color_sale","label":"Sale tag","default":"#44AE6C"},{"type":"header","content":"Header"},{"type":"color","id":"color_nav_bg","label":"Background","default":"#fff"},{"type":"color","id":"color_nav_text","label":"Text","default":"#000"},{"type":"header","content":"Announcement"},{"type":"color","id":"color_announcement_bg","label":"Background","default":"#000"},{"type":"color","id":"color_announcement_text","label":"Text","default":"#fff"},{"type":"header","content":"Drawers"},{"type":"color","id":"color_drawer_bg","label":"Background","default":"#fff"},{"type":"color","id":"color_drawer_default","label":"Accent background","default":"#F7F7F7"},{"type":"color","id":"color_drawer_text","label":"Text","default":"#000"},{"type":"color","id":"color_drawer_primary","label":"Buttons","default":"#5600E3"},{"type":"color","id":"color_drawer_buy","label":"Buy buttons","default":"#5600E3"},{"type":"color","id":"color_drawer_button_text","label":"Buttons label","default":"#fff"},{"type":"color","id":"color_drawer_overlay","label":"Overlay background","default":"#fff"},{"type":"range","id":"color_drawer_overlay_opacity","label":"Overlay opacity","min":50,"max":100,"step":1,"unit":"%","default":65},{"type":"header","content":"Image overlay"},{"type":"color","id":"color_overlay","label":"Background","default":"#000"},{"type":"color","id":"color_transparent_nav_text","label":"Text","default":"#fff"},{"type":"range","id":"opacity_overlay","label":"Opacity","min":0,"max":100,"step":1,"unit":"%","default":50},{"type":"header","content":"Footer"},{"type":"color","id":"color_footer_bg","label":"Background","default":"#000"},{"type":"color","id":"color_footer_text","label":"Text","default":"#fff"},{"type":"color","id":"color_footer_default","label":"Form fields","default":"#262626"},{"type":"color","id":"color_footer_primary","label":"Buttons","default":"#5600E3"},{"type":"color","id":"color_footer_button_text","label":"Buttons Label","default":"#fff"},{"type":"color","id":"color_copyright_bg","label":"Copyright background","default":"#5600E3"},{"type":"color","id":"color_copyright_text","label":"Copyright text","default":"#fff"}]},{"name":"Typography","settings":[{"type":"header","content":"Headings"},{"type":"font_picker","id":"header_family","label":"Font","default":"futura_n7"},{"type":"range","id":"header_font_size","label":"Base size","min":24,"max":40,"step":2,"unit":"px","default":34},{"type":"range","id":"header_font_size_big","label":"Page title size","min":50,"max":90,"step":2,"unit":"px","default":80},{"type":"range","id":"header_spacing","label":"Letter spacing","min":0,"max":2,"step":0.1,"unit":"px","default":0},{"type":"select","id":"header_transform","label":"Text transform","options":[{"value":"initial","label":"Default"},{"value":"capitalize","label":"Capitalize"},{"value":"uppercase","label":"Uppercase"},{"value":"lowercase","label":"Lowercase"}]},{"type":"header","content":"Accent text","info":"Menus and buttons"},{"type":"font_picker","id":"accent_family","label":"Font","default":"futura_n7"},{"type":"range","id":"accent_spacing","label":"Letter spacing","min":0,"max":2,"step":0.1,"unit":"px","default":0},{"type":"select","id":"accent_transform","label":"Text transform","options":[{"value":"initial","label":"Default"},{"value":"capitalize","label":"Capitalize"},{"value":"uppercase","label":"Uppercase"},{"value":"lowercase","label":"Lowercase"}]},{"type":"checkbox","id":"button_uppercase","label":"Uppercase buy buttons","default":true},{"type":"header","content":"Body text"},{"type":"font_picker","id":"base_family","label":"Font","default":"futura_n4"},{"type":"range","id":"base_font_size","label":"Base size","min":12,"max":18,"step":1,"unit":"px","default":16}]},{"name":"Social media","settings":[{"type":"header","content":"Social sharing image"},{"type":"image_picker","id":"share_image","label":"Image","info":"Shown when sharing a link on social media. [Learn more](https:\/\/help.shopify.com\/manual\/using-themes\/troubleshooting\/showing-social-media-thumbnail-images\/) about image thumbnails."},{"type":"header","content":"Accounts"},{"type":"text","id":"social_facebook_link","label":"Facebook","info":"https:\/\/www.facebook.com\/shopify"},{"type":"text","id":"social_twitter_link","label":"Twitter","info":"https:\/\/twitter.com\/shopify"},{"type":"text","id":"social_pinterest_link","label":"Pinterest","info":"https:\/\/www.pinterest.com\/shopify"},{"type":"text","id":"social_instagram_link","label":"Instagram","info":"https:\/\/instagram.com\/shopify"},{"type":"text","id":"social_snapchat_link","label":"Snapchat","info":"https:\/\/www.snapchat.com\/add\/shopify"},{"type":"text","id":"social_google_plus_link","label":"Google Plus","info":"https:\/\/plus.google.com\/+shopify"},{"type":"text","id":"social_tumblr_link","label":"Tumblr","info":"http:\/\/shopify.tumblr.com"},{"type":"text","id":"social_youtube_link","label":"YouTube","info":"https:\/\/www.youtube.com\/user\/shopify"},{"type":"text","id":"social_vimeo_link","label":"Vimeo","info":"https:\/\/vimeo.com\/shopify"},{"type":"text","id":"social_fancy_link","label":"Fancy","info":"http:\/\/fancy.com\/Shopify"},{"type":"header","content":"Sharing options"},{"type":"checkbox","id":"share_facebook","label":"Share on Facebook"},{"type":"checkbox","id":"share_twitter","label":"Tweet on Twitter"},{"type":"checkbox","id":"share_pinterest","label":"Pin on Pinterest"}]},{"name":"Favicon","settings":[{"type":"image_picker","id":"favicon","label":"Favicon image"}]},{"name":"Cart\/Search","settings":[{"type":"header","content":"Cart"},{"type":"checkbox","id":"cart_top_button","label":"Show top checkout button","default":true},{"type":"checkbox","id":"cart_notes_enable","label":"Enable order notes"},{"type":"checkbox","id":"cart_spacer","label":"Enable line spacer"},{"type":"checkbox","id":"enable_payment_button","label":"Show dynamic checkout button","default":false},{"type":"select","id":"cart_type","label":"Cart type","options":[{"value":"page","label":"Page"},{"value":"drawer","label":"Drawer"}]},{"type":"select","id":"cart_icon","label":"Cart icon","default":"cart","options":[{"value":"cart","label":"Cart"},{"value":"bag","label":"Bag"},{"value":"basket","label":"Basket"}]},{"type":"select","id":"browsing_button_style","label":"Continue browsing button style","default":"btn--primary","options":[{"value":"","label":"Default"},{"value":"btn--primary","label":"Full"},{"value":"btn-outline-primary","label":"Outline"}]},{"type":"text","id":"checkout_icon","label":"Checkout icon","default":"lock","info":"Enter the name of any free solid icons on [FontAwesome](https:\/\/fontawesome.com\/icons?d=gallery&s=solid&m=free)"},{"type":"header","content":"Search"},{"type":"checkbox","id":"search_enabled","label":"Enable search","default":true},{"type":"checkbox","id":"search_product","label":"Only search products","default":true},{"type":"select","id":"search_button_style","label":"Button style","default":"btn--primary","options":[{"value":"","label":"Default"},{"value":"btn--primary","label":"Full"},{"value":"btn-outline-primary","label":"Outline"}]}]},{"name":"Review App","settings":[{"type":"header","content":"Review widgets"},{"type":"select","id":"review_section_style","label":"Section style","default":"default-section","options":[{"value":"default-section","label":"Default"},{"value":"bg-section","label":"Add background color"},{"value":"border-section","label":"Add border top"}]},{"type":"select","id":"review_widget","label":"Position","default":"review_widget_above","options":[{"value":"review_widget_above","label":"Above related product"},{"value":"review_widget_under","label":"Under related product"},{"value":"review_widget_tab","label":"In product tabs"}]},{"type":"header","content":"Star Ratings"},{"type":"select","id":"review_badge","label":"Position (product page)","default":"review_badge_under","options":[{"value":"review_badge_above","label":"Above product title"},{"value":"review_badge_under","label":"Under product title"}]},{"type":"select","id":"review_badge_grid","label":"Position (product grid)","default":"review_badge_under","options":[{"value":"review_badge_above","label":"Above product title"},{"value":"review_badge_under","label":"Under product title"}]},{"type":"header","content":"Installation instructions"},{"type":"paragraph","content":"1. Click on the button below: Theme actions > Edit code"},{"type":"paragraph","content":"2. Copy & paste your Review Widget code in this file: review-widget.liquid"},{"type":"paragraph","content":"3. Copy & paste your Review Badge code in this file: review-badge.liquid"},{"type":"paragraph","content":"** If your Review App has done an auto-install of the review widget, you will have to delete it manually. You will find their auto-installed review widget at the bottom of one of these 2 files: product.liquid or product-template.liquid"}]},{"name":"Advanced settings","settings":[{"type":"header","content":"Header"},{"type":"checkbox","id":"sticky_header","label":"Enable sticky header","default":true},{"type":"checkbox","id":"hero_header","label":"Enable transparent header","default":true},{"type":"header","content":"Announcement"},{"type":"checkbox","id":"show_announcement","label":"Show","default":true},{"type":"checkbox","id":"show_announcement_home","label":"Home page only","default":false},{"type":"checkbox","id":"hide_announcement_mobile","label":"Hide on mobile","default":false},{"type":"text","id":"announcement_text","label":"Text","default":"Announce something here"},{"type":"url","id":"announcement_link","label":"Link"},{"type":"select","id":"announcement_size","label":"Size","default":"medium","options":[{"value":"small","label":"Small"},{"value":"medium","label":"Medium"}]},{"type":"header","content":"Product Grid"},{"type":"checkbox","id":"grid_product_vendor","label":"Show vendors","default":false},{"type":"checkbox","id":"color_product","label":"Add background","default":false},{"type":"select","id":"sale_type","label":"Sale type","default":"amount","options":[{"value":"amount","label":"Amount"},{"value":"percentage","label":"Percentage"}]},{"type":"select","id":"tag_placement","label":"Sale tag placement","default":"top-left","options":[{"value":"none","label":"Hidden"},{"value":"top-left","label":"Top left"},{"value":"top-right","label":"Top right"},{"value":"bottom-right","label":"Bottom right"},{"value":"bottom-left","label":"Bottom left"}]},{"type":"checkbox","id":"tag_text","label":"Hide tag text on mobile","default":true},{"type":"header","content":"Currency selector"},{"type":"checkbox","id":"show_currency_selector","label":"Enable","default":true,"info":"Enable your store to sell in multiple currencies. [Learn more](https:\/\/help.shopify.com\/en\/manual\/payments\/shopify-payments\/multi-currency\/setup)."},{"type":"checkbox","id":"auto_currency_selector","label":"IP geolocalisation","default":true,"info":"Display currency based on the location of your customer."},{"type":"select","id":"position_currency_converter","label":"Position","default":"product","options":[{"value":"product","label":"Product page"},{"value":"header","label":"Header"},{"value":"announcement","label":"Announcement"},{"value":"footer","label":"Footer"}]},{"type":"header","content":"Article Grid"},{"type":"checkbox","id":"show_author","label":"Show author","default":true},{"type":"checkbox","id":"show_date","label":"Show date","default":true},{"type":"header","content":"Hero image"},{"type":"checkbox","id":"show_hero","label":"Show image","default":true,"info":"In collection\/article page."},{"type":"checkbox","id":"parallax_enabled","label":"Enable parallax effect","default":true},{"type":"select","id":"section_height","label":"Section height (desktop)","default":"medium","options":[{"label":"Extra Small","value":"xsmall"},{"label":"Small","value":"small"},{"label":"Medium","value":"medium"},{"label":"Large","value":"large"},{"label":"Full","value":"xlarge"}]},{"type":"select","id":"section_height_mobile","label":"Section height (mobile)","default":"xsmall","options":[{"label":"Extra Small","value":"xsmall"},{"label":"Small","value":"small"},{"label":"Medium","value":"medium"},{"label":"Large","value":"large"},{"label":"Full","value":"xlarge"}]},{"type":"header","content":"Borders"},{"type":"range","id":"border_radius","label":"Border radius","min":0,"max":30,"step":1,"unit":"px","default":4,"info":"Max for perfect circle"},{"type":"select","id":"border_width","label":"Border width","default":"1","options":[{"value":"1","label":"1px"},{"value":"2","label":"2px"}]},{"type":"header","content":"Back to top button"},{"type":"checkbox","id":"show_top_button","label":"Show","default":true},{"type":"checkbox","id":"top_button_mobile","label":"Hide on mobile","default":true},{"type":"select","id":"top_button_position","label":"Position","default":"center","options":[{"value":"left","label":"Left"},{"value":"right","label":"Right"},{"value":"center","label":"Center"}]},{"type":"header","content":"General"},{"type":"checkbox","id":"show_breadcrumbs","label":"Show breadcrumbs","default":false},{"type":"checkbox","id":"transition_hover_enabled","label":"Enable transitions on hover","default":true},{"type":"checkbox","id":"image_effect","label":"Enable image hover effect","default":true},{"type":"url","id":"browsing_link","label":"Continue browsing link","default":"\/"},{"type":"text","id":"buy_now_text","label":"Custom buy it now label"},{"type":"text","id":"more_payment_text","label":"Custom more payment option label"},{"type":"text","id":"zindex_drawer","label":"Drawer z-index","default":"999999999"}]}]