{"current":{"color_body_bg":"#fff","color_default":"#f7f7f7","color_headings":"#202020","color_body_text":"#515151","color_primary":"#3399cc","color_buy":"#3399cc","color_button_text":"#ffffff","color_secondary":"#3399cc","color_sale":"#3399cc","color_nav_bg":"#ffffff","color_nav_text":"#202020","color_announcement_bg":"#202020","color_announcement_text":"#fff","color_drawer_bg":"#ffffff","color_drawer_default":"#f7f7f7","color_drawer_text":"#202020","color_drawer_primary":"#3399cc","color_drawer_buy":"#3399cc","color_drawer_button_text":"#fff","color_drawer_overlay":"#202020","color_drawer_overlay_opacity":65,"color_overlay":"#202020","color_transparent_nav_text":"#ffffff","opacity_overlay":50,"color_footer_bg":"#202020","color_footer_text":"#fff","color_footer_default":"#161616","color_footer_primary":"#3399cc","color_footer_button_text":"#fff","color_copyright_bg":"#161616","color_copyright_text":"#fff","header_family":"ubuntu_n4","header_font_size":34,"header_font_size_big":60,"header_spacing":0,"header_transform":"initial","accent_family":"din_next_n7","accent_spacing":0.5,"accent_transform":"initial","button_uppercase":true,"base_family":"din_next_n4","base_font_size":17,"share_image":"","social_facebook_link":"https:\/\/www.facebook.com","social_twitter_link":"","social_pinterest_link":"","social_instagram_link":"https:\/\/www.instagram.com","social_snapchat_link":"","social_google_plus_link":"","social_tumblr_link":"","social_youtube_link":"","social_vimeo_link":"","social_fancy_link":"","share_facebook":false,"share_twitter":false,"share_pinterest":false,"favicon":"","cart_top_button":true,"cart_notes_enable":false,"cart_spacer":true,"enable_payment_button":false,"cart_type":"page","cart_icon":"cart","browsing_button_style":"btn--primary","checkout_icon":"lock","search_enabled":true,"search_product":true,"search_button_style":"btn--primary","review_section_style":"default-section","review_widget":"review_widget_above","review_badge":"review_badge_under","review_badge_grid":"review_badge_under","sticky_header":false,"hero_header":true,"show_announcement":true,"show_announcement_home":false,"hide_announcement_mobile":false,"announcement_text":"Frete Grátis acima de R$ 150 reais","announcement_link":"","announcement_size":"small","grid_product_vendor":false,"color_product":false,"sale_type":"amount","tag_placement":"top-left","tag_text":true,"show_currency_selector":false,"auto_currency_selector":false,"position_currency_converter":"announcement","show_author":true,"show_date":true,"show_hero":true,"parallax_enabled":true,"section_height":"small","section_height_mobile":"xsmall","border_radius":3,"border_width":"1","show_top_button":true,"top_button_mobile":true,"top_button_position":"center","show_breadcrumbs":false,"transition_hover_enabled":true,"image_effect":true,"browsing_link":"shopify:\/\/collections\/all","buy_now_text":"","more_payment_text":"","zindex_drawer":"999999999","checkout_header_image":"","checkout_logo_image":"","checkout_logo_position":"center","checkout_logo_size":"medium","checkout_body_background_image":"","checkout_body_background_color":"#fff","checkout_input_background_color_mode":"white","checkout_sidebar_background_image":"","checkout_sidebar_background_color":"#f7f7f7","checkout_heading_font":"-apple-system, BlinkMacSystemFont, 'Segoe UI', Roboto, Helvetica, Arial, sans-serif, 'Apple Color Emoji', 'Segoe UI Emoji', 'Segoe UI Symbol'","checkout_body_font":"-apple-system, BlinkMacSystemFont, 'Segoe UI', Roboto, Helvetica, Arial, sans-serif, 'Apple Color Emoji', 'Segoe UI Emoji', 'Segoe UI Symbol'","checkout_accent_color":"#5600e3","checkout_button_color":"#5600e3","checkout_error_color":"#ed5358","currency_custom":false,"currency_symbol":true,"currency_transparent":false,"announcement_position":"above","dbtfy_addtocart_animation":false,"dbtfy_addtocart_animation_type":"shake","dbtfy_addtocart_animation_speed":"","dbtfy_addtocart_animation_interval":6,"dbtfy_chat_box":false,"dbtfy_chat_box_mobile":false,"dbtfy_chat_box_new":true,"dbtfy_chat_box_image":"","dbtfy_chat_box_link":"","dbtfy_chat_box_position":"left","dbtfy_chat_box_animation":"bounceInLeft","dbtfy_chat_box_height":59,"dbtfy_cookie_box":false,"dbtfy_cookie_box_text":"<p><strong>Do you like cookies?<\/strong> 🍪 We use cookies to ensure you get the best experience on our website.<\/p>","dbtfy_cookie_box_button_label":"I agree","dbtfy_cookie_box_button_style":"btn--primary","dbtfy_delivery_time":false,"dbtfy_delivery_time_prefix":"Get it between","dbtfy_delivery_time_separator":"-","dbtfy_delivery_time_suffix":"","dbtfy_delivery_time_icon":"shipping-fast","dbtfy_delivery_time_from":7,"dbtfy_delivery_time_to":14,"dbtfy_instagram_feed":false,"dbtfy_instagram_feed_background_section":true,"dbtfy_instagram_feed_full_width":false,"dbtfy_instagram_hide_home":false,"dbtfy_instagram_feed_icon":true,"dbtfy_instagram_feed_access_token":"","dbtfy_instagram_feed_title":"","dbtfy_instagram_feed_subtitle":"","dbtfy_instagram_feed_position":"under","dbtfy_instagram_feed_resolution":"low_resolution","dbtfy_instagram_feed_rows":"1","dbtfy_instagram_feed_desktop_grid":"6","dbtfy_instagram_feed_mobile_grid":"3","dbtfy_live_view":false,"dbtfy_live_view_prefix":"","dbtfy_live_view_people":"Poeple","dbtfy_live_view_suffix":"are viewing this right now","dbtfy_live_view_icon":"eye","dbtfy_live_view_min":2,"dbtfy_live_view_max":14,"dbtfy_live_view_interval":3,"dbtfy_sales_pop":false,"dbtfy_sales_pop_mobile":false,"dbtfy_sales_pop_collection":"","dbtfy_sales_pop_name":"Someone","dbtfy_sales_pop_city":"Montreal Canada","dbtfy_sales_pop_purchase":"has purchased","dbtfy_sales_pop_prefix":"","dbtfy_sales_pop_suffix":"ago","dbtfy_sales_pop_separator":"-","dbtfy_sales_pop_icon":"clock","dbtfy_sales_pop_speed":"fast","dbtfy_sales_pop_timeago":30,"dbtfy_sales_pop_display":4,"dbtfy_sales_pop_interval":6,"dbtfy_sales_pop_minute":"minute","dbtfy_sales_pop_minutes":"minutes","dbtfy_sales_pop_hour":"hour","dbtfy_sales_pop_hours":"hours","dbtfy_sales_pop_day":"day","dbtfy_sales_pop_days":"days","dbtfy_trust_badge":false,"dbtfy_trust_badge_cart":true,"dbtfy_trust_badge_text_small":false,"dbtfy_trust_badge_image":"","dbtfy_trust_badge_text":"Guaranteed safe & secure checkout","dbtfy_trust_badge_width":"600","sections":{"drawer-menu":{"type":"drawer-menu","settings":{"drawer_link_toggle":true,"show_social_medias":true,"drawer_top_link_list":"main-menu","drawer_bottom_link_list":"footer"}},"header":{"type":"header","settings":{"height_logo":52,"navigation_type":"center","navigation_wrapper":"fluid","main_menu_link_list":"main-menu","height_logo_mobile":48}},"hero":{"type":"hero","settings":{"section_height":"xlarge","section_height_mobile":"xlarge","autoplay":true,"dots":true,"arrows":false,"autoplayspeed":5}},"guarantee":{"type":"guarantee","blocks":{"1561094726190":{"type":"text","settings":{"icon":"truck","title":"FRETE SEGURO","text":"<p>Frete 100% seguro para todas as regiões do Brasil.<\/p>","button_style":"btn--primary","button_label":""}},"1561091496626":{"type":"text","settings":{"icon":"credit-card","title":"PAGAMENTO SEGURO","text":"<p>Parcele seu pedido em até 12x com juros.<\/p>","button_style":"btn--primary","button_label":""}},"1561094728717":{"type":"text","settings":{"icon":"certificate","title":"GARANTIA INCONDICIONAL","text":"<p>Entrega no prazo ou seu dinheiro de volta<\/p>","button_style":"btn--primary","button_label":""}}},"block_order":["1561094726190","1561091496626","1561094728717"],"settings":{"section_style":"bg-section","icon_size":"fa-2x"}},"footer":{"type":"footer","blocks":{"1567916034743":{"type":"text","settings":{"height_logo":40,"title":"Sobre Nós","email":"contato@sualoja.com","phone":"","text":"<p>Coloque uma descrição da sua loja!<\/p>"}},"1567915289405":{"type":"link_list","settings":{"title":"Links","footer_link_list":"footer"}},"1567916075846":{"type":"social_medias","settings":{"title":"Siga-nos"}},"1567916051811":{"type":"newsletter","settings":{"title":"Junte-se ao Clube!","subtitle":"Ganhe um desconto exclusivo de 10% em todo o site. Digite seu melhor e-mail abaixo:","send_icon":"fa-envelope"}}},"block_order":["1567916034743","1567915289405","1567916075846","1567916051811"],"settings":{"show_payment_icons":true}},"product-template":{"type":"product-template","settings":{"image_layout":"thumbnail","product_photo_alignement":"left","enable_zoom":true,"product_vendor":false,"product_title_size":false,"product_header_alignement":"","product_selector":"select","quantity_enabled":true,"button_cart_icon":true,"enable_payment_button":false,"show_description":true,"social_sharing_products":false,"show_product_tags":true}},"product-recommendations":{"type":"product-recommendations","settings":{"show_product_recommendations":true,"title":"You may also like","subtitle":"Customers who bought this item also bought","section_style":"bg-section","rows":"2","desktop_grid":"3","mobile_grid":"1","slider_related_products":true,"autoplay":true,"dots":true,"arrows":true,"autoplayspeed":5}},"related-product":{"type":"related-product","settings":{"show_related_products":true,"related_collection":true,"same_vendor":false,"same_type":false,"never_empty":true,"title":"Produtos Semelhantes","subtitle":"Você também pode gostar desses:","section_style":"","rows":"2","desktop_grid":"4","mobile_grid":"2","slider_related_products":true,"autoplay":true,"dots":true,"arrows":true,"autoplayspeed":5}},"quotes":{"type":"quotes","settings":{"title":"Depoimentos","subtitle":"","section_style":"border-section","quote_width":"70","quote_auto":true,"quote_dots":false,"quote_arrows":false,"quote_auto_speed":3}},"collection-template":{"type":"collection-template","settings":{"collection_tags_enable":true,"collection_sort_enable":true,"show_label":true,"tag_selector":"button","rows":"2","desktop_grid":"4","mobile_grid":"2"}},"list-collections-template":{"type":"list-collections-template","settings":{"display_type":"all","sort":"alphabetical","section_height":"medium"}},"blog-template":{"type":"blog-template","settings":{"show_rss":true,"rows":"2","grid":"3","show_image":true,"show_tags":true,"word_count":22}},"article-template":{"type":"article-template","settings":{"social_sharing_blog":true,"show_tags":true}},"1561093141563":{"type":"featured-collections","blocks":{"1561093141563-0":{"type":"collection","settings":{"collection":""}},"1561093141563-1":{"type":"collection","settings":{"collection":""}},"1561093141563-2":{"type":"collection","settings":{"collection":""}}},"block_order":["1561093141563-0","1561093141563-1","1561093141563-2"],"settings":{"title":"Nossas Categorias","subtitle":"","section_style":"bg-section","section_height":"medium","show_view_all":false,"button_style":"btn-outline-primary"}},"1568145568761":{"type":"hero","blocks":{"1568145586211":{"type":"slide","settings":{"image_position":"center center","overlay":true,"title":"ECONOMIZE MAIS...","text":"<p>OFERTAS DO DIA DIA!<\/p>","text_alignment":"text-center","button_label":"CONFIRA NOSSAS OFERTAS","button_link":"shopify:\/\/collections\/all","button_style":""}}},"block_order":["1568145586211"],"settings":{"section_height":"xlarge","section_height_mobile":"xlarge","autoplay":false,"dots":true,"arrows":true,"autoplayspeed":5}},"1568302117992":{"type":"featured-products","settings":{"title":"Os Mais Vendidos da Semana","subtitle":"","section_style":"","home_featured_products":"frontpage","rows":"2","desktop_grid":"4","mobile_grid":"2","show_view_all":false,"button_style":"btn-outline-primary","slider_related_products":true,"autoplay":true,"dots":true,"arrows":true,"autoplayspeed":3}},"1568588812305":{"type":"newsletter","settings":{"title":"Junte-se ao Clube!","subtitle":"Faça parte do Clube e ganhe 10% de desconto imediatamente.","section_style":"border-section","send_icon":"fa-envelope"}},"1594829249519":{"type":"quotes","disabled":true,"blocks":{"1594829249519-0":{"type":"quote","settings":{"quote":"<p>Share blog posts, products, or promotions with your customers. Use this text to describe products, share details on availability and style, or as a space to display recent reviews or FAQs.<\/p>","author":"Author's name"}},"1594829249519-1":{"type":"quote","settings":{"quote":"<p>Share blog posts, products, or promotions with your customers. Use this text to describe products, share details on availability and style, or as a space to display recent reviews or FAQs.<\/p>","author":"Author's name"}},"1594829249519-2":{"type":"quote","settings":{"quote":"<p>Share blog posts, products, or promotions with your customers. Use this text to describe products, share details on availability and style, or as a space to display recent reviews or FAQs.<\/p>","author":"Author's name"}}},"block_order":["1594829249519-0","1594829249519-1","1594829249519-2"],"settings":{"title":"Veja o que nossos clientes estão dizendo...","subtitle":"","section_style":"","quote_width":"70","quote_auto":true,"quote_dots":false,"quote_arrows":false,"quote_auto_speed":3}}},"content_for_index":["1568145568761","1568302117992","1561093141563","1594829249519","1568588812305"]}}